day,month,year,reef,sst,bst,current_dir_to,current_dir_from,current_deg,current_speed,swell,vis,divers,shark_id,rest_frames,rest_seconds,tot_sharks,sharks_in_uvc,maxn,frames,camera_time,maxn_divers
20,12,2020,QM,25.5,24.5,TILT,TILT,NA,0.6,1.4,15,Y,QM.20.12.2020.01,2,60,1,12,3,1300,650,10
20,12,2020,QM,25.5,24.5,TILT,TILT,NA,0.6,1.4,15,Y,QM.20.12.2020.02,4,120,3,12,3,1300,650,10
20,12,2020,QM,25.5,24.5,TILT,TILT,NA,0.6,1.4,15,Y,QM.20.12.2020.03,1,30,1,12,3,1300,650,10
20,12,2020,QM,25.5,24.5,TILT,TILT,NA,0.6,1.4,15,Y,QM.20.12.2020.04,2,60,1,12,3,1300,650,10
20,12,2020,QM,25.5,24.5,TILT,TILT,NA,0.6,1.4,15,Y,QM.20.12.2020.05,3,90,1,12,3,1300,650,10
20,12,2020,QM,25.5,24.5,TILT,TILT,NA,0.6,1.4,15,Y,QM.20.12.2020.06,1,30,1,12,3,1300,650,10
20,12,2020,QM,25.5,24.5,TILT,TILT,NA,0.6,1.4,15,Y,QM.20.12.2020.07,1,30,1,12,3,1300,650,10
20,12,2020,QM,25.5,24.5,TILT,TILT,NA,0.6,1.4,15,Y,QM.20.12.2020.08,2,60,2,12,3,1300,650,10
20,12,2020,QM,25.5,24.5,TILT,TILT,NA,0.6,1.4,15,Y,QM.20.12.2020.09,3,90,1,12,3,1300,650,10
20,12,2020,QM,25.5,24.5,TILT,TILT,NA,0.6,1.4,15,Y,QM.20.12.2020.10,2,60,1,12,3,1300,650,10
20,12,2020,QM,25.5,24.5,TILT,TILT,NA,0.6,1.4,15,Y,QM.20.12.2020.11,3,90,3,12,3,1300,650,10
20,12,2020,QM,25.5,24.5,TILT,TILT,NA,0.6,1.4,15,Y,QM.20.12.2020.12,1,30,1,12,3,1300,650,10
20,12,2020,QM,25.5,24.5,TILT,TILT,NA,0.6,1.4,15,Y,QM.20.12.2020.13,1,30,1,12,3,1300,650,10
20,12,2020,QM,25.5,24.5,TILT,TILT,NA,0.6,1.4,15,Y,QM.20.12.2020.14,1,30,1,12,3,1300,650,10
20,12,2020,QM,25.5,24.5,TILT,TILT,NA,0.6,1.4,15,Y,QM.20.12.2020.15,3,90,3,12,3,1300,650,10
20,12,2020,QM,25.5,24.5,TILT,TILT,NA,0.6,1.4,15,Y,QM.20.12.2020.16,3,90,1,12,3,1300,650,10
20,12,2020,QM,25.5,24.5,TILT,TILT,NA,0.6,1.4,15,Y,QM.20.12.2020.17,2,60,2,12,3,1300,650,10
20,12,2020,QM,25.5,24.5,TILT,TILT,NA,0.6,1.4,15,Y,QM.20.12.2020.18,1,30,1,12,3,1300,650,10
20,12,2020,QM,25.5,24.5,TILT,TILT,NA,0.6,1.4,15,Y,QM.20.12.2020.19,3,90,1,12,3,1300,650,10
20,12,2020,QM,25.5,24.5,TILT,TILT,NA,0.6,1.4,15,Y,QM.20.12.2020.20,4,120,1,12,3,1300,650,10
21,12,2020,QM,25.6,24,TILT,TILT,NA,0.555,1.4,15,Y,QM.21.12.2020.01,1,30,1,12,5,1737,868.5,15
21,12,2020,QM,25.6,24,TILT,TILT,NA,0.555,1.4,15,Y,QM.21.12.2020.02,1,30,1,12,5,1737,868.5,15
21,12,2020,QM,25.6,24,TILT,TILT,NA,0.555,1.4,15,Y,QM.21.12.2020.03,1,30,1,12,5,1737,868.5,15
21,12,2020,QM,25.6,24,TILT,TILT,NA,0.555,1.4,15,Y,QM.21.12.2020.04,2,60,1,12,5,1737,868.5,15
21,12,2020,QM,25.6,24,TILT,TILT,NA,0.555,1.4,15,Y,QM.21.12.2020.05,2,60,1,12,5,1737,868.5,15
21,12,2020,QM,25.6,24,TILT,TILT,NA,0.555,1.4,15,Y,QM.21.12.2020.06,2,60,1,12,5,1737,868.5,15
21,12,2020,QM,25.6,24,TILT,TILT,NA,0.555,1.4,15,Y,QM.21.12.2020.07,1,30,1,12,5,1737,868.5,15
21,12,2020,QM,25.6,24,TILT,TILT,NA,0.555,1.4,15,Y,QM.21.12.2020.08,2,60,1,12,5,1737,868.5,15
21,12,2020,QM,25.6,24,TILT,TILT,NA,0.555,1.4,15,Y,QM.21.12.2020.09,4,120,1,12,5,1737,868.5,15
21,12,2020,QM,25.6,24,TILT,TILT,NA,0.555,1.4,15,Y,QM.21.12.2020.10,1,30,1,12,5,1737,868.5,15
21,12,2020,QM,25.6,24,TILT,TILT,NA,0.555,1.4,15,Y,QM.21.12.2020.11,1,30,2,12,5,1737,868.5,15
21,12,2020,QM,25.6,24,TILT,TILT,NA,0.555,1.4,15,Y,QM.21.12.2020.12,1,30,1,12,5,1737,868.5,15
21,12,2020,QM,25.6,24,TILT,TILT,NA,0.555,1.4,15,Y,QM.21.12.2020.13,1,30,1,12,5,1737,868.5,15
21,12,2020,QM,25.6,24,TILT,TILT,NA,0.555,1.4,15,Y,QM.21.12.2020.14,1,30,1,12,5,1737,868.5,15
21,12,2020,QM,25.6,24,TILT,TILT,NA,0.555,1.4,15,Y,QM.21.12.2020.15,2,60,1,12,5,1737,868.5,15
21,12,2020,QM,25.6,24,TILT,TILT,NA,0.555,1.4,15,Y,QM.21.12.2020.16,2,60,1,12,5,1737,868.5,15
21,12,2020,QM,25.6,24,TILT,TILT,NA,0.555,1.4,15,Y,QM.21.12.2020.17,1,30,1,12,5,1737,868.5,15
21,12,2020,QM,25.6,24,TILT,TILT,NA,0.555,1.4,15,Y,QM.21.12.2020.18,1,30,1,12,5,1737,868.5,15
21,12,2020,QM,25.6,24,TILT,TILT,NA,0.555,1.4,15,Y,QM.21.12.2020.19,1,30,1,12,5,1737,868.5,15
21,12,2020,QM,25.6,24,TILT,TILT,NA,0.555,1.4,15,Y,QM.21.12.2020.20,2,60,1,12,5,1737,868.5,15
22,12,2020,QM,24.8,23,TILT,TILT,NA,0.74,1.3,15,Y,QM.22.12.2020.01,1,30,1,12,3,1723,861.5,2
22,12,2020,QM,24.8,23,TILT,TILT,NA,0.74,1.3,15,Y,QM.22.12.2020.02,1,30,1,12,3,1723,861.5,2
22,12,2020,QM,24.8,23,TILT,TILT,NA,0.74,1.3,15,Y,QM.22.12.2020.03,1,30,1,12,3,1723,861.5,2
22,12,2020,QM,24.8,23,TILT,TILT,NA,0.74,1.3,15,Y,QM.22.12.2020.04,1,30,1,12,3,1723,861.5,2
22,12,2020,QM,24.8,23,TILT,TILT,NA,0.74,1.3,15,Y,QM.22.12.2020.05,2,60,1,12,3,1723,861.5,2
22,12,2020,QM,24.8,23,TILT,TILT,NA,0.74,1.3,15,Y,QM.22.12.2020.06,2,60,1,12,3,1723,861.5,2
22,12,2020,QM,24.8,23,TILT,TILT,NA,0.74,1.3,15,Y,QM.22.12.2020.07,1,30,1,12,3,1723,861.5,2
22,12,2020,QM,24.8,23,TILT,TILT,NA,0.74,1.3,15,Y,QM.22.12.2020.08,1,30,1,12,3,1723,861.5,2
22,12,2020,QM,24.8,23,TILT,TILT,NA,0.74,1.3,15,Y,QM.22.12.2020.09,2,60,2,12,3,1723,861.5,2
22,12,2020,QM,24.8,23,TILT,TILT,NA,0.74,1.3,15,Y,QM.22.12.2020.10,2,60,2,12,3,1723,861.5,2
22,12,2020,QM,24.8,23,TILT,TILT,NA,0.74,1.3,15,Y,QM.22.12.2020.11,2,60,2,12,3,1723,861.5,2
22,12,2020,QM,24.8,23,TILT,TILT,NA,0.74,1.3,15,Y,QM.22.12.2020.12,1,30,2,12,3,1723,861.5,2
22,12,2020,QM,24.8,23,TILT,TILT,NA,0.74,1.3,15,Y,QM.22.12.2020.13,1,30,1,12,3,1723,861.5,2
22,12,2020,QM,24.8,23,TILT,TILT,NA,0.74,1.3,15,Y,QM.22.12.2020.14,1,30,1,12,3,1723,861.5,2
22,12,2020,QM,24.8,23,TILT,TILT,NA,0.74,1.3,15,Y,QM.22.12.2020.15,1,30,1,12,3,1723,861.5,2
22,12,2020,QM,24.8,23,TILT,TILT,NA,0.74,1.3,15,Y,QM.22.12.2020.16,2,60,3,12,3,1723,861.5,2
22,12,2020,QM,24.8,23,TILT,TILT,NA,0.74,1.3,15,Y,QM.22.12.2020.17,1,30,3,12,3,1723,861.5,2
22,12,2020,QM,24.8,23,TILT,TILT,NA,0.74,1.3,15,Y,QM.22.12.2020.18,2,60,2,12,3,1723,861.5,2
22,12,2020,QM,24.8,23,TILT,TILT,NA,0.74,1.3,15,Y,QM.22.12.2020.19,3,90,2,12,3,1723,861.5,2
22,12,2020,QM,24.8,23,TILT,TILT,NA,0.74,1.3,15,Y,QM.22.12.2020.20,1,30,1,12,3,1723,861.5,2
24,12,2020,QM,26,26,TILT,TILT,NA,0.6,1.8,15,N,QM.24.12.2020.01,5,150,2,15,7,1729,864.5,0
24,12,2020,QM,26,26,TILT,TILT,NA,0.6,1.8,15,N,QM.24.12.2020.02,2,60,1,15,7,1729,864.5,0
24,12,2020,QM,26,26,TILT,TILT,NA,0.6,1.8,15,N,QM.24.12.2020.03,10,300,3,15,7,1729,864.5,0
24,12,2020,QM,26,26,TILT,TILT,NA,0.6,1.8,15,N,QM.24.12.2020.04,4,120,1,15,7,1729,864.5,0
24,12,2020,QM,26,26,TILT,TILT,NA,0.6,1.8,15,N,QM.24.12.2020.05,8,240,2,15,7,1729,864.5,0
24,12,2020,QM,26,26,TILT,TILT,NA,0.6,1.8,15,N,QM.24.12.2020.06,1,30,1,15,7,1729,864.5,0
24,12,2020,QM,26,26,TILT,TILT,NA,0.6,1.8,15,N,QM.24.12.2020.07,2,60,2,15,7,1729,864.5,0
24,12,2020,QM,26,26,TILT,TILT,NA,0.6,1.8,15,N,QM.24.12.2020.08,2,60,1,15,7,1729,864.5,0
24,12,2020,QM,26,26,TILT,TILT,NA,0.6,1.8,15,N,QM.24.12.2020.09,2,60,1,15,7,1729,864.5,0
24,12,2020,QM,26,26,TILT,TILT,NA,0.6,1.8,15,N,QM.24.12.2020.10,7,210,1,15,7,1729,864.5,0
24,12,2020,QM,26,26,TILT,TILT,NA,0.6,1.8,15,N,QM.24.12.2020.11,7,210,2,15,7,1729,864.5,0
24,12,2020,QM,26,26,TILT,TILT,NA,0.6,1.8,15,N,QM.24.12.2020.12,1,30,1,15,7,1729,864.5,0
24,12,2020,QM,26,26,TILT,TILT,NA,0.6,1.8,15,N,QM.24.12.2020.13,2,60,4,15,7,1729,864.5,0
24,12,2020,QM,26,26,TILT,TILT,NA,0.6,1.8,15,N,QM.24.12.2020.14,1,30,2,15,7,1729,864.5,0
24,12,2020,QM,26,26,TILT,TILT,NA,0.6,1.8,15,N,QM.24.12.2020.15,5,150,1,15,7,1729,864.5,0
24,12,2020,QM,26,26,TILT,TILT,NA,0.6,1.8,15,N,QM.24.12.2020.16,1,30,1,15,7,1729,864.5,0
24,12,2020,QM,26,26,TILT,TILT,NA,0.6,1.8,15,N,QM.24.12.2020.17,1,30,2,15,7,1729,864.5,0
24,12,2020,QM,26,26,TILT,TILT,NA,0.6,1.8,15,N,QM.24.12.2020.18,7,210,4,15,7,1729,864.5,0
24,12,2020,QM,26,26,TILT,TILT,NA,0.6,1.8,15,N,QM.24.12.2020.19,4,120,4,15,7,1729,864.5,0
24,12,2020,QM,26,26,TILT,TILT,NA,0.6,1.8,15,N,QM.24.12.2020.20,13,390,2,15,7,1729,864.5,0
29,12,2020,QM,26,26.2,TILT,TILT,NA,0.6,1.4,15,N,QM.29.12.2020.01,2,60,2,28,11,1743,871.5,0
29,12,2020,QM,26,26.2,TILT,TILT,NA,0.6,1.4,15,N,QM.29.12.2020.02,3,90,4,28,11,1743,871.5,0
29,12,2020,QM,26,26.2,TILT,TILT,NA,0.6,1.4,15,N,QM.29.12.2020.03,8,240,4,28,11,1743,871.5,0
29,12,2020,QM,26,26.2,TILT,TILT,NA,0.6,1.4,15,N,QM.29.12.2020.04,10,300,2,28,11,1743,871.5,0
29,12,2020,QM,26,26.2,TILT,TILT,NA,0.6,1.4,15,N,QM.29.12.2020.05,8,240,2,28,11,1743,871.5,0
29,12,2020,QM,26,26.2,TILT,TILT,NA,0.6,1.4,15,N,QM.29.12.2020.06,1,30,1,28,11,1743,871.5,0
29,12,2020,QM,26,26.2,TILT,TILT,NA,0.6,1.4,15,N,QM.29.12.2020.07,2,60,4,28,11,1743,871.5,0
29,12,2020,QM,26,26.2,TILT,TILT,NA,0.6,1.4,15,N,QM.29.12.2020.08,6,180,3,28,11,1743,871.5,0
29,12,2020,QM,26,26.2,TILT,TILT,NA,0.6,1.4,15,N,QM.29.12.2020.09,1,30,1,28,11,1743,871.5,0
29,12,2020,QM,26,26.2,TILT,TILT,NA,0.6,1.4,15,N,QM.29.12.2020.10,5,150,2,28,11,1743,871.5,0
29,12,2020,QM,26,26.2,TILT,TILT,NA,0.6,1.4,15,N,QM.29.12.2020.11,2,60,2,28,11,1743,871.5,0
29,12,2020,QM,26,26.2,TILT,TILT,NA,0.6,1.4,15,N,QM.29.12.2020.12,2,60,3,28,11,1743,871.5,0
29,12,2020,QM,26,26.2,TILT,TILT,NA,0.6,1.4,15,N,QM.29.12.2020.13,5,150,3,28,11,1743,871.5,0
29,12,2020,QM,26,26.2,TILT,TILT,NA,0.6,1.4,15,N,QM.29.12.2020.14,8,240,3,28,11,1743,871.5,0
29,12,2020,QM,26,26.2,TILT,TILT,NA,0.6,1.4,15,N,QM.29.12.2020.15,5,150,4,28,11,1743,871.5,0
29,12,2020,QM,26,26.2,TILT,TILT,NA,0.6,1.4,15,N,QM.29.12.2020.16,1,30,1,28,11,1743,871.5,0
29,12,2020,QM,26,26.2,TILT,TILT,NA,0.6,1.4,15,N,QM.29.12.2020.17,10,300,1,28,11,1743,871.5,0
29,12,2020,QM,26,26.2,TILT,TILT,NA,0.6,1.4,15,N,QM.29.12.2020.18,3,90,4,28,11,1743,871.5,0
29,12,2020,QM,26,26.2,TILT,TILT,NA,0.6,1.4,15,N,QM.29.12.2020.19,1,30,1,28,11,1743,871.5,0
29,12,2020,QM,26,26.2,TILT,TILT,NA,0.6,1.4,15,N,QM.29.12.2020.20,2,60,1,28,11,1743,871.5,0
4,1,2021,QM,28,27,TILT,TILT,NA,0.185,1.7,25,N,QM.04.01.2021.01,9,270,12,44,46,1705,852.5,0
4,1,2021,QM,28,27,TILT,TILT,NA,0.185,1.7,25,N,QM.04.01.2021.02,51,1530,17,44,46,1705,852.5,0
4,1,2021,QM,28,27,TILT,TILT,NA,0.185,1.7,25,N,QM.04.01.2021.03,22,660,6,44,46,1705,852.5,0
4,1,2021,QM,28,27,TILT,TILT,NA,0.185,1.7,25,N,QM.04.01.2021.04,4,120,5,44,46,1705,852.5,0
4,1,2021,QM,28,27,TILT,TILT,NA,0.185,1.7,25,N,QM.04.01.2021.05,9,270,7,44,46,1705,852.5,0
4,1,2021,QM,28,27,TILT,TILT,NA,0.185,1.7,25,N,QM.04.01.2021.06,12,360,8,44,46,1705,852.5,0
4,1,2021,QM,28,27,TILT,TILT,NA,0.185,1.7,25,N,QM.04.01.2021.07,11,330,6,44,46,1705,852.5,0
4,1,2021,QM,28,27,TILT,TILT,NA,0.185,1.7,25,N,QM.04.01.2021.08,74,2220,23,44,46,1705,852.5,0
4,1,2021,QM,28,27,TILT,TILT,NA,0.185,1.7,25,N,QM.04.01.2021.09,12,360,5,44,46,1705,852.5,0
4,1,2021,QM,28,27,TILT,TILT,NA,0.185,1.7,25,N,QM.04.01.2021.10,5,150,6,44,46,1705,852.5,0
4,1,2021,QM,28,27,TILT,TILT,NA,0.185,1.7,25,N,QM.04.01.2021.11,55,1650,32,44,46,1705,852.5,0
4,1,2021,QM,28,27,TILT,TILT,NA,0.185,1.7,25,N,QM.04.01.2021.12,1,30,5,44,46,1705,852.5,0
4,1,2021,QM,28,27,TILT,TILT,NA,0.185,1.7,25,N,QM.04.01.2021.13,11,330,9,44,46,1705,852.5,0
4,1,2021,QM,28,27,TILT,TILT,NA,0.185,1.7,25,N,QM.04.01.2021.14,1,30,1,44,46,1705,852.5,0
4,1,2021,QM,28,27,TILT,TILT,NA,0.185,1.7,25,N,QM.04.01.2021.15,9,270,7,44,46,1705,852.5,0
4,1,2021,QM,28,27,TILT,TILT,NA,0.185,1.7,25,N,QM.04.01.2021.16,3,90,4,44,46,1705,852.5,0
4,1,2021,QM,28,27,TILT,TILT,NA,0.185,1.7,25,N,QM.04.01.2021.17,5,150,5,44,46,1705,852.5,0
4,1,2021,QM,28,27,TILT,TILT,NA,0.185,1.7,25,N,QM.04.01.2021.18,7,210,4,44,46,1705,852.5,0
4,1,2021,QM,28,27,TILT,TILT,NA,0.185,1.7,25,N,QM.04.01.2021.19,12,360,9,44,46,1705,852.5,0
4,1,2021,QM,28,27,TILT,TILT,NA,0.185,1.7,25,N,QM.04.01.2021.20,20,600,9,44,46,1705,852.5,0
13,1,2021,QM,27.9,27,TILT,TILT,NA,0.2,1.5,8,N,QM.13.01.2021.01,9,270,6,14,6,1723,861.5,0
13,1,2021,QM,27.9,27,TILT,TILT,NA,0.2,1.5,8,N,QM.13.01.2021.02,6,180,4,14,6,1723,861.5,0
13,1,2021,QM,27.9,27,TILT,TILT,NA,0.2,1.5,8,N,QM.13.01.2021.03,4,120,1,14,6,1723,861.5,0
13,1,2021,QM,27.9,27,TILT,TILT,NA,0.2,1.5,8,N,QM.13.01.2021.04,7,210,5,14,6,1723,861.5,0
13,1,2021,QM,27.9,27,TILT,TILT,NA,0.2,1.5,8,N,QM.13.01.2021.05,3,90,2,14,6,1723,861.5,0
13,1,2021,QM,27.9,27,TILT,TILT,NA,0.2,1.5,8,N,QM.13.01.2021.06,2,60,1,14,6,1723,861.5,0
13,1,2021,QM,27.9,27,TILT,TILT,NA,0.2,1.5,8,N,QM.13.01.2021.07,1,30,1,14,6,1723,861.5,0
13,1,2021,QM,27.9,27,TILT,TILT,NA,0.2,1.5,8,N,QM.13.01.2021.08,7,210,6,14,6,1723,861.5,0
13,1,2021,QM,27.9,27,TILT,TILT,NA,0.2,1.5,8,N,QM.13.01.2021.09,16,480,8,14,6,1723,861.5,0
13,1,2021,QM,27.9,27,TILT,TILT,NA,0.2,1.5,8,N,QM.13.01.2021.10,5,150,3,14,6,1723,861.5,0
13,1,2021,QM,27.9,27,TILT,TILT,NA,0.2,1.5,8,N,QM.13.01.2021.11,8,240,3,14,6,1723,861.5,0
13,1,2021,QM,27.9,27,TILT,TILT,NA,0.2,1.5,8,N,QM.13.01.2021.12,6,180,4,14,6,1723,861.5,0
13,1,2021,QM,27.9,27,TILT,TILT,NA,0.2,1.5,8,N,QM.13.01.2021.13,3,90,4,14,6,1723,861.5,0
13,1,2021,QM,27.9,27,TILT,TILT,NA,0.2,1.5,8,N,QM.13.01.2021.14,4,120,3,14,6,1723,861.5,0
13,1,2021,QM,27.9,27,TILT,TILT,NA,0.2,1.5,8,N,QM.13.01.2021.15,9,270,2,14,6,1723,861.5,0
13,1,2021,QM,27.9,27,TILT,TILT,NA,0.2,1.5,8,N,QM.13.01.2021.16,2,60,2,14,6,1723,861.5,0
13,1,2021,QM,27.9,27,TILT,TILT,NA,0.2,1.5,8,N,QM.13.01.2021.17,6,180,2,14,6,1723,861.5,0
13,1,2021,QM,27.9,27,TILT,TILT,NA,0.2,1.5,8,N,QM.13.01.2021.18,2,60,4,14,6,1723,861.5,0
13,1,2021,QM,27.9,27,TILT,TILT,NA,0.2,1.5,8,N,QM.13.01.2021.19,2,60,2,14,6,1723,861.5,0
13,1,2021,QM,27.9,27,TILT,TILT,NA,0.2,1.5,8,N,QM.13.01.2021.20,5,150,3,14,6,1723,861.5,0
22,1,2021,QM,26.1,26,TILT,TILT,NA,0.74,1.4,15,Y,QM.22.01.2021.01,1,30,1,9,5,1367,683.5,7
22,1,2021,QM,26.1,26,TILT,TILT,NA,0.74,1.4,15,Y,QM.22.01.2021.02,2,60,2,9,5,1367,683.5,7
22,1,2021,QM,26.1,26,TILT,TILT,NA,0.74,1.4,15,Y,QM.22.01.2021.03,9,270,3,9,5,1367,683.5,7
22,1,2021,QM,26.1,26,TILT,TILT,NA,0.74,1.4,15,Y,QM.22.01.2021.04,1,30,1,9,5,1367,683.5,7
22,1,2021,QM,26.1,26,TILT,TILT,NA,0.74,1.4,15,Y,QM.22.01.2021.05,7,210,1,9,5,1367,683.5,7
22,1,2021,QM,26.1,26,TILT,TILT,NA,0.74,1.4,15,Y,QM.22.01.2021.06,8,240,2,9,5,1367,683.5,7
22,1,2021,QM,26.1,26,TILT,TILT,NA,0.74,1.4,15,Y,QM.22.01.2021.07,6,180,4,9,5,1367,683.5,7
22,1,2021,QM,26.1,26,TILT,TILT,NA,0.74,1.4,15,Y,QM.22.01.2021.08,3,90,4,9,5,1367,683.5,7
22,1,2021,QM,26.1,26,TILT,TILT,NA,0.74,1.4,15,Y,QM.22.01.2021.09,4,120,1,9,5,1367,683.5,7
22,1,2021,QM,26.1,26,TILT,TILT,NA,0.74,1.4,15,Y,QM.22.01.2021.10,2,60,3,9,5,1367,683.5,7
22,1,2021,QM,26.1,26,TILT,TILT,NA,0.74,1.4,15,Y,QM.22.01.2021.11,6,180,3,9,5,1367,683.5,7
22,1,2021,QM,26.1,26,TILT,TILT,NA,0.74,1.4,15,Y,QM.22.01.2021.12,2,60,3,9,5,1367,683.5,7
22,1,2021,QM,26.1,26,TILT,TILT,NA,0.74,1.4,15,Y,QM.22.01.2021.13,9,270,2,9,5,1367,683.5,7
22,1,2021,QM,26.1,26,TILT,TILT,NA,0.74,1.4,15,Y,QM.22.01.2021.14,5,150,1,9,5,1367,683.5,7
22,1,2021,QM,26.1,26,TILT,TILT,NA,0.74,1.4,15,Y,QM.22.01.2021.15,5,150,2,9,5,1367,683.5,7
22,1,2021,QM,26.1,26,TILT,TILT,NA,0.74,1.4,15,Y,QM.22.01.2021.16,2,60,2,9,5,1367,683.5,7
22,1,2021,QM,26.1,26,TILT,TILT,NA,0.74,1.4,15,Y,QM.22.01.2021.17,3,90,1,9,5,1367,683.5,7
22,1,2021,QM,26.1,26,TILT,TILT,NA,0.74,1.4,15,Y,QM.22.01.2021.18,1,30,2,9,5,1367,683.5,7
22,1,2021,QM,26.1,26,TILT,TILT,NA,0.74,1.4,15,Y,QM.22.01.2021.19,10,300,1,9,5,1367,683.5,7
22,1,2021,QM,26.1,26,TILT,TILT,NA,0.74,1.4,15,Y,QM.22.01.2021.20,2,60,1,9,5,1367,683.5,7
23,1,2021,QM,26.6,26,TILT,TILT,NA,0.555,1.8,6,Y,QM.23.01.2021.01,9,270,4,8,6,1703,851.5,15
23,1,2021,QM,26.6,26,TILT,TILT,NA,0.555,1.8,6,Y,QM.23.01.2021.02,1,30,1,8,6,1703,851.5,15
23,1,2021,QM,26.6,26,TILT,TILT,NA,0.555,1.8,6,Y,QM.23.01.2021.03,1,30,3,8,6,1703,851.5,15
23,1,2021,QM,26.6,26,TILT,TILT,NA,0.555,1.8,6,Y,QM.23.01.2021.04,1,30,1,8,6,1703,851.5,15
23,1,2021,QM,26.6,26,TILT,TILT,NA,0.555,1.8,6,Y,QM.23.01.2021.05,2,60,3,8,6,1703,851.5,15
23,1,2021,QM,26.6,26,TILT,TILT,NA,0.555,1.8,6,Y,QM.23.01.2021.06,4,120,3,8,6,1703,851.5,15
23,1,2021,QM,26.6,26,TILT,TILT,NA,0.555,1.8,6,Y,QM.23.01.2021.07,2,60,2,8,6,1703,851.5,15
23,1,2021,QM,26.6,26,TILT,TILT,NA,0.555,1.8,6,Y,QM.23.01.2021.08,2,60,2,8,6,1703,851.5,15
23,1,2021,QM,26.6,26,TILT,TILT,NA,0.555,1.8,6,Y,QM.23.01.2021.09,1,30,2,8,6,1703,851.5,15
23,1,2021,QM,26.6,26,TILT,TILT,NA,0.555,1.8,6,Y,QM.23.01.2021.10,5,150,1,8,6,1703,851.5,15
23,1,2021,QM,26.6,26,TILT,TILT,NA,0.555,1.8,6,Y,QM.23.01.2021.11,3,90,1,8,6,1703,851.5,15
23,1,2021,QM,26.6,26,TILT,TILT,NA,0.555,1.8,6,Y,QM.23.01.2021.12,2,60,3,8,6,1703,851.5,15
23,1,2021,QM,26.6,26,TILT,TILT,NA,0.555,1.8,6,Y,QM.23.01.2021.13,3,90,2,8,6,1703,851.5,15
23,1,2021,QM,26.6,26,TILT,TILT,NA,0.555,1.8,6,Y,QM.23.01.2021.14,3,90,1,8,6,1703,851.5,15
23,1,2021,QM,26.6,26,TILT,TILT,NA,0.555,1.8,6,Y,QM.23.01.2021.15,12,360,2,8,6,1703,851.5,15
23,1,2021,QM,26.6,26,TILT,TILT,NA,0.555,1.8,6,Y,QM.23.01.2021.16,2,60,1,8,6,1703,851.5,15
23,1,2021,QM,26.6,26,TILT,TILT,NA,0.555,1.8,6,Y,QM.23.01.2021.17,4,120,2,8,6,1703,851.5,15
23,1,2021,QM,26.6,26,TILT,TILT,NA,0.555,1.8,6,Y,QM.23.01.2021.18,1,30,1,8,6,1703,851.5,15
23,1,2021,QM,26.6,26,TILT,TILT,NA,0.555,1.8,6,Y,QM.23.01.2021.19,2,60,1,8,6,1703,851.5,15
23,1,2021,QM,26.6,26,TILT,TILT,NA,0.555,1.8,6,Y,QM.23.01.2021.20,2,60,2,8,6,1703,851.5,15
27,1,2021,QM,27.2,27,TILT,TILT,NA,0.37,1.9,18,N,QM.27.01.2021.01,1,30,1,4,3,1370,685,0
27,1,2021,QM,27.2,27,TILT,TILT,NA,0.37,1.9,18,N,QM.27.01.2021.02,2,60,1,4,3,1370,685,0
27,1,2021,QM,27.2,27,TILT,TILT,NA,0.37,1.9,18,N,QM.27.01.2021.03,1,30,1,4,3,1370,685,0
27,1,2021,QM,27.2,27,TILT,TILT,NA,0.37,1.9,18,N,QM.27.01.2021.04,1,30,1,4,3,1370,685,0
27,1,2021,QM,27.2,27,TILT,TILT,NA,0.37,1.9,18,N,QM.27.01.2021.05,1,30,1,4,3,1370,685,0
27,1,2021,QM,27.2,27,TILT,TILT,NA,0.37,1.9,18,N,QM.27.01.2021.06,4,120,2,4,3,1370,685,0
27,1,2021,QM,27.2,27,TILT,TILT,NA,0.37,1.9,18,N,QM.27.01.2021.07,5,150,2,4,3,1370,685,0
27,1,2021,QM,27.2,27,TILT,TILT,NA,0.37,1.9,18,N,QM.27.01.2021.08,2,60,1,4,3,1370,685,0
27,1,2021,QM,27.2,27,TILT,TILT,NA,0.37,1.9,18,N,QM.27.01.2021.09,2,60,1,4,3,1370,685,0
27,1,2021,QM,27.2,27,TILT,TILT,NA,0.37,1.9,18,N,QM.27.01.2021.10,16,480,2,4,3,1370,685,0
27,1,2021,QM,27.2,27,TILT,TILT,NA,0.37,1.9,18,N,QM.27.01.2021.11,1,30,1,4,3,1370,685,0
27,1,2021,QM,27.2,27,TILT,TILT,NA,0.37,1.9,18,N,QM.27.01.2021.12,1,30,1,4,3,1370,685,0
27,1,2021,QM,27.2,27,TILT,TILT,NA,0.37,1.9,18,N,QM.27.01.2021.13,1,30,1,4,3,1370,685,0
27,1,2021,QM,27.2,27,TILT,TILT,NA,0.37,1.9,18,N,QM.27.01.2021.14,12,360,3,4,3,1370,685,0
27,1,2021,QM,27.2,27,TILT,TILT,NA,0.37,1.9,18,N,QM.27.01.2021.15,1,30,2,4,3,1370,685,0
27,1,2021,QM,27.2,27,TILT,TILT,NA,0.37,1.9,18,N,QM.27.01.2021.16,3,90,1,4,3,1370,685,0
27,1,2021,QM,27.2,27,TILT,TILT,NA,0.37,1.9,18,N,QM.27.01.2021.17,1,30,1,4,3,1370,685,0
27,1,2021,QM,27.2,27,TILT,TILT,NA,0.37,1.9,18,N,QM.27.01.2021.18,1,30,1,4,3,1370,685,0
27,1,2021,QM,27.2,27,TILT,TILT,NA,0.37,1.9,18,N,QM.27.01.2021.19,2,60,1,4,3,1370,685,0
27,1,2021,QM,27.2,27,TILT,TILT,NA,0.37,1.9,18,N,QM.27.01.2021.20,3,90,1,4,3,1370,685,0
31,12,2020,RR,23.3,23.3,N,S,0,0.2775,1.5,10,N,RR.31.12.2020.01,12,360,7,12,11,1192,596,0
31,12,2020,RR,23.3,23.3,N,S,0,0.2775,1.5,10,N,RR.31.12.2020.02,1,30,1,12,11,1192,596,0
31,12,2020,RR,23.3,23.3,N,S,0,0.2775,1.5,10,N,RR.31.12.2020.03,1,30,2,12,11,1192,596,0
31,12,2020,RR,23.3,23.3,N,S,0,0.2775,1.5,10,N,RR.31.12.2020.04,1,30,2,12,11,1192,596,0
31,12,2020,RR,23.3,23.3,N,S,0,0.2775,1.5,10,N,RR.31.12.2020.05,18,540,5,12,11,1192,596,0
31,12,2020,RR,23.3,23.3,N,S,0,0.2775,1.5,10,N,RR.31.12.2020.06,1,30,1,12,11,1192,596,0
31,12,2020,RR,23.3,23.3,N,S,0,0.2775,1.5,10,N,RR.31.12.2020.07,4,120,1,12,11,1192,596,0
31,12,2020,RR,23.3,23.3,N,S,0,0.2775,1.5,10,N,RR.31.12.2020.08,2,60,1,12,11,1192,596,0
31,12,2020,RR,23.3,23.3,N,S,0,0.2775,1.5,10,N,RR.31.12.2020.09,2,60,1,12,11,1192,596,0
31,12,2020,RR,23.3,23.3,N,S,0,0.2775,1.5,10,N,RR.31.12.2020.10,1,30,1,12,11,1192,596,0
31,12,2020,RR,23.3,23.3,N,S,0,0.2775,1.5,10,N,RR.31.12.2020.11,3,90,4,12,11,1192,596,0
31,12,2020,RR,23.3,23.3,N,S,0,0.2775,1.5,10,N,RR.31.12.2020.12,16,480,4,12,11,1192,596,0
31,12,2020,RR,23.3,23.3,N,S,0,0.2775,1.5,10,N,RR.31.12.2020.13,16,480,6,12,11,1192,596,0
31,12,2020,RR,23.3,23.3,N,S,0,0.2775,1.5,10,N,RR.31.12.2020.14,2,60,1,12,11,1192,596,0
31,12,2020,RR,23.3,23.3,N,S,0,0.2775,1.5,10,N,RR.31.12.2020.15,5,150,2,12,11,1192,596,0
31,12,2020,RR,23.3,23.3,N,S,0,0.2775,1.5,10,N,RR.31.12.2020.16,20,600,5,12,11,1192,596,0
31,12,2020,RR,23.3,23.3,N,S,0,0.2775,1.5,10,N,RR.31.12.2020.17,1,30,1,12,11,1192,596,0
31,12,2020,RR,23.3,23.3,N,S,0,0.2775,1.5,10,N,RR.31.12.2020.18,5,150,2,12,11,1192,596,0
31,12,2020,RR,23.3,23.3,N,S,0,0.2775,1.5,10,N,RR.31.12.2020.19,7,210,1,12,11,1192,596,0
31,12,2020,RR,23.3,23.3,N,S,0,0.2775,1.5,10,N,RR.31.12.2020.20,5,150,3,12,11,1192,596,0
5,1,2021,RR,27.7,27,,,,,2,10,N,RR.05.01.2021.01,7,210,8,20,21,1716,858,0
5,1,2021,RR,27.7,27,,,,,2,10,N,RR.05.01.2021.02,7,210,6,20,21,1716,858,0
5,1,2021,RR,27.7,27,,,,,2,10,N,RR.05.01.2021.03,31,930,3,20,21,1716,858,0
5,1,2021,RR,27.7,27,,,,,2,10,N,RR.05.01.2021.04,6,180,5,20,21,1716,858,0
5,1,2021,RR,27.7,27,,,,,2,10,N,RR.05.01.2021.05,22,660,5,20,21,1716,858,0
5,1,2021,RR,27.7,27,,,,,2,10,N,RR.05.01.2021.06,6,180,6,20,21,1716,858,0
5,1,2021,RR,27.7,27,,,,,2,10,N,RR.05.01.2021.07,6,180,10,20,21,1716,858,0
5,1,2021,RR,27.7,27,,,,,2,10,N,RR.05.01.2021.08,10,300,7,20,21,1716,858,0
5,1,2021,RR,27.7,27,,,,,2,10,N,RR.05.01.2021.09,6,180,7,20,21,1716,858,0
5,1,2021,RR,27.7,27,,,,,2,10,N,RR.05.01.2021.10,15,450,8,20,21,1716,858,0
5,1,2021,RR,27.7,27,,,,,2,10,N,RR.05.01.2021.11,10,300,11,20,21,1716,858,0
5,1,2021,RR,27.7,27,,,,,2,10,N,RR.05.01.2021.12,9,270,7,20,21,1716,858,0
5,1,2021,RR,27.7,27,,,,,2,10,N,RR.05.01.2021.13,44,1320,11,20,21,1716,858,0
5,1,2021,RR,27.7,27,,,,,2,10,N,RR.05.01.2021.14,3,90,3,20,21,1716,858,0
5,1,2021,RR,27.7,27,,,,,2,10,N,RR.05.01.2021.15,36,1080,12,20,21,1716,858,0
5,1,2021,RR,27.7,27,,,,,2,10,N,RR.05.01.2021.16,4,120,7,20,21,1716,858,0
5,1,2021,RR,27.7,27,,,,,2,10,N,RR.05.01.2021.17,6,180,9,20,21,1716,858,0
5,1,2021,RR,27.7,27,,,,,2,10,N,RR.05.01.2021.18,1,30,4,20,21,1716,858,0
5,1,2021,RR,27.7,27,,,,,2,10,N,RR.05.01.2021.19,8,240,5,20,21,1716,858,0
5,1,2021,RR,27.7,27,,,,,2,10,N,RR.05.01.2021.20,2,60,3,20,21,1716,858,0
7,1,2021,RR,27.1,27,,,,,2.4,18,N,RR.07.01.2021.01,15,450,3,,15,1735,867.5,0
7,1,2021,RR,27.1,27,,,,,2.4,18,N,RR.07.01.2021.02,9,270,4,,15,1735,867.5,0
7,1,2021,RR,27.1,27,,,,,2.4,18,N,RR.07.01.2021.03,1,30,3,,15,1735,867.5,0
7,1,2021,RR,27.1,27,,,,,2.4,18,N,RR.07.01.2021.04,9,270,2,,15,1735,867.5,0
7,1,2021,RR,27.1,27,,,,,2.4,18,N,RR.07.01.2021.05,6,180,3,,15,1735,867.5,0
7,1,2021,RR,27.1,27,,,,,2.4,18,N,RR.07.01.2021.06,3,90,6,,15,1735,867.5,0
7,1,2021,RR,27.1,27,,,,,2.4,18,N,RR.07.01.2021.07,4,120,2,,15,1735,867.5,0
7,1,2021,RR,27.1,27,,,,,2.4,18,N,RR.07.01.2021.08,6,180,5,,15,1735,867.5,0
7,1,2021,RR,27.1,27,,,,,2.4,18,N,RR.07.01.2021.09,5,150,2,,15,1735,867.5,0
7,1,2021,RR,27.1,27,,,,,2.4,18,N,RR.07.01.2021.10,9,270,2,,15,1735,867.5,0
7,1,2021,RR,27.1,27,,,,,2.4,18,N,RR.07.01.2021.11,7,210,3,,15,1735,867.5,0
7,1,2021,RR,27.1,27,,,,,2.4,18,N,RR.07.01.2021.12,3,90,2,,15,1735,867.5,0
7,1,2021,RR,27.1,27,,,,,2.4,18,N,RR.07.01.2021.13,1,30,2,,15,1735,867.5,0
7,1,2021,RR,27.1,27,,,,,2.4,18,N,RR.07.01.2021.14,7,210,5,,15,1735,867.5,0
7,1,2021,RR,27.1,27,,,,,2.4,18,N,RR.07.01.2021.15,2,60,3,,15,1735,867.5,0
7,1,2021,RR,27.1,27,,,,,2.4,18,N,RR.07.01.2021.16,14,420,8,,15,1735,867.5,0
7,1,2021,RR,27.1,27,,,,,2.4,18,N,RR.07.01.2021.17,4,120,4,,15,1735,867.5,0
7,1,2021,RR,27.1,27,,,,,2.4,18,N,RR.07.01.2021.18,6,180,2,,15,1735,867.5,0
7,1,2021,RR,27.1,27,,,,,2.4,18,N,RR.07.01.2021.19,8,240,11,,15,1735,867.5,0
7,1,2021,RR,27.1,27,,,,,2.4,18,N,RR.07.01.2021.20,3,90,8,,15,1735,867.5,0
14,1,2021,RR,27,26.9,N,S,0,0.3,1.4,10,N,RR.14.01.2021.01,5,150,1,44,11,1182,591,0
14,1,2021,RR,27,26.9,N,S,0,0.3,1.4,10,N,RR.14.01.2021.02,8,240,3,44,11,1182,591,0
14,1,2021,RR,27,26.9,N,S,0,0.3,1.4,10,N,RR.14.01.2021.03,6,180,4,44,11,1182,591,0
14,1,2021,RR,27,26.9,N,S,0,0.3,1.4,10,N,RR.14.01.2021.04,5,150,3,44,11,1182,591,0
14,1,2021,RR,27,26.9,N,S,0,0.3,1.4,10,N,RR.14.01.2021.05,2,60,1,44,11,1182,591,0
14,1,2021,RR,27,26.9,N,S,0,0.3,1.4,10,N,RR.14.01.2021.06,3,90,1,44,11,1182,591,0
14,1,2021,RR,27,26.9,N,S,0,0.3,1.4,10,N,RR.14.01.2021.07,10,300,3,44,11,1182,591,0
14,1,2021,RR,27,26.9,N,S,0,0.3,1.4,10,N,RR.14.01.2021.08,5,150,1,44,11,1182,591,0
14,1,2021,RR,27,26.9,N,S,0,0.3,1.4,10,N,RR.14.01.2021.09,5,150,4,44,11,1182,591,0
14,1,2021,RR,27,26.9,N,S,0,0.3,1.4,10,N,RR.14.01.2021.10,5,150,1,44,11,1182,591,0
14,1,2021,RR,27,26.9,N,S,0,0.3,1.4,10,N,RR.14.01.2021.11,1,30,1,44,11,1182,591,0
14,1,2021,RR,27,26.9,N,S,0,0.3,1.4,10,N,RR.14.01.2021.12,15,450,5,44,11,1182,591,0
14,1,2021,RR,27,26.9,N,S,0,0.3,1.4,10,N,RR.14.01.2021.13,1,30,1,44,11,1182,591,0
14,1,2021,RR,27,26.9,N,S,0,0.3,1.4,10,N,RR.14.01.2021.14,13,390,1,44,11,1182,591,0
14,1,2021,RR,27,26.9,N,S,0,0.3,1.4,10,N,RR.14.01.2021.15,8,240,2,44,11,1182,591,0
14,1,2021,RR,27,26.9,N,S,0,0.3,1.4,10,N,RR.14.01.2021.16,7,210,2,44,11,1182,591,0
14,1,2021,RR,27,26.9,N,S,0,0.3,1.4,10,N,RR.14.01.2021.17,4,120,1,44,11,1182,591,0
14,1,2021,RR,27,26.9,N,S,0,0.3,1.4,10,N,RR.14.01.2021.18,5,150,4,44,11,1182,591,0
14,1,2021,RR,27,26.9,N,S,0,0.3,1.4,10,N,RR.14.01.2021.19,8,240,2,44,11,1182,591,0
14,1,2021,RR,27,26.9,N,S,0,0.3,1.4,10,N,RR.14.01.2021.20,2,60,1,44,11,1182,591,0
19,1,2021,RR,27.4,27,,,,,1.5,15,N,RR.19.01.2021.01,4,120,6,,34,1699,849.5,0
19,1,2021,RR,27.4,27,,,,,1.5,15,N,RR.19.01.2021.02,11,330,11,,34,1699,849.5,0
19,1,2021,RR,27.4,27,,,,,1.5,15,N,RR.19.01.2021.03,3,90,3,,34,1699,849.5,0
19,1,2021,RR,27.4,27,,,,,1.5,15,N,RR.19.01.2021.04,8,240,4,,34,1699,849.5,0
19,1,2021,RR,27.4,27,,,,,1.5,15,N,RR.19.01.2021.05,13,390,14,,34,1699,849.5,0
19,1,2021,RR,27.4,27,,,,,1.5,15,N,RR.19.01.2021.06,51,1530,31,,34,1699,849.5,0
19,1,2021,RR,27.4,27,,,,,1.5,15,N,RR.19.01.2021.07,3,90,4,,34,1699,849.5,0
19,1,2021,RR,27.4,27,,,,,1.5,15,N,RR.19.01.2021.08,16,480,14,,34,1699,849.5,0
19,1,2021,RR,27.4,27,,,,,1.5,15,N,RR.19.01.2021.09,6,180,7,,34,1699,849.5,0
19,1,2021,RR,27.4,27,,,,,1.5,15,N,RR.19.01.2021.10,6,180,9,,34,1699,849.5,0
19,1,2021,RR,27.4,27,,,,,1.5,15,N,RR.19.01.2021.11,5,150,10,,34,1699,849.5,0
19,1,2021,RR,27.4,27,,,,,1.5,15,N,RR.19.01.2021.12,33,990,29,,34,1699,849.5,0
19,1,2021,RR,27.4,27,,,,,1.5,15,N,RR.19.01.2021.13,10,300,4,,34,1699,849.5,0
19,1,2021,RR,27.4,27,,,,,1.5,15,N,RR.19.01.2021.14,13,390,13,,34,1699,849.5,0
19,1,2021,RR,27.4,27,,,,,1.5,15,N,RR.19.01.2021.15,16,480,13,,34,1699,849.5,0
19,1,2021,RR,27.4,27,,,,,1.5,15,N,RR.19.01.2021.16,10,300,10,,34,1699,849.5,0
19,1,2021,RR,27.4,27,,,,,1.5,15,N,RR.19.01.2021.17,3,90,7,,34,1699,849.5,0
19,1,2021,RR,27.4,27,,,,,1.5,15,N,RR.19.01.2021.18,11,330,4,,34,1699,849.5,0
19,1,2021,RR,27.4,27,,,,,1.5,15,N,RR.19.01.2021.19,3,90,6,,34,1699,849.5,0
19,1,2021,RR,27.4,27,,,,,1.5,15,N,RR.19.01.2021.20,17,510,17,,34,1699,849.5,0
21,1,2021,RR,26.1,26,,,,,1.9,12,N,RR.21.01.2021.01,10,300,3,,23,1701,850.5,0
21,1,2021,RR,26.1,26,,,,,1.9,12,N,RR.21.01.2021.02,5,150,4,,23,1701,850.5,0
21,1,2021,RR,26.1,26,,,,,1.9,12,N,RR.21.01.2021.03,17,510,9,,23,1701,850.5,0
21,1,2021,RR,26.1,26,,,,,1.9,12,N,RR.21.01.2021.04,11,330,23,,23,1701,850.5,0
21,1,2021,RR,26.1,26,,,,,1.9,12,N,RR.21.01.2021.05,2,60,2,,23,1701,850.5,0
21,1,2021,RR,26.1,26,,,,,1.9,12,N,RR.21.01.2021.06,2,60,2,,23,1701,850.5,0
21,1,2021,RR,26.1,26,,,,,1.9,12,N,RR.21.01.2021.07,4,120,3,,23,1701,850.5,0
21,1,2021,RR,26.1,26,,,,,1.9,12,N,RR.21.01.2021.08,1,30,2,,23,1701,850.5,0
21,1,2021,RR,26.1,26,,,,,1.9,12,N,RR.21.01.2021.09,9,270,3,,23,1701,850.5,0
21,1,2021,RR,26.1,26,,,,,1.9,12,N,RR.21.01.2021.10,5,150,3,,23,1701,850.5,0
21,1,2021,RR,26.1,26,,,,,1.9,12,N,RR.21.01.2021.11,3,90,1,,23,1701,850.5,0
21,1,2021,RR,26.1,26,,,,,1.9,12,N,RR.21.01.2021.12,8,240,12,,23,1701,850.5,0
21,1,2021,RR,26.1,26,,,,,1.9,12,N,RR.21.01.2021.13,4,120,2,,23,1701,850.5,0
21,1,2021,RR,26.1,26,,,,,1.9,12,N,RR.21.01.2021.14,8,240,9,,23,1701,850.5,0
21,1,2021,RR,26.1,26,,,,,1.9,12,N,RR.21.01.2021.15,13,390,13,,23,1701,850.5,0
21,1,2021,RR,26.1,26,,,,,1.9,12,N,RR.21.01.2021.16,12,360,8,,23,1701,850.5,0
21,1,2021,RR,26.1,26,,,,,1.9,12,N,RR.21.01.2021.17,20,600,1,,23,1701,850.5,0
21,1,2021,RR,26.1,26,,,,,1.9,12,N,RR.21.01.2021.18,11,330,17,,23,1701,850.5,0
21,1,2021,RR,26.1,26,,,,,1.9,12,N,RR.21.01.2021.19,14,420,12,,23,1701,850.5,0
21,1,2021,RR,26.1,26,,,,,1.9,12,N,RR.21.01.2021.20,7,210,5,,23,1701,850.5,0
24,1,2021,RR,27.8,26,,,,,1.5,15,N,RR.24.01.2021.01,3,90,2,,15,1650,825,0
24,1,2021,RR,27.8,26,,,,,1.5,15,N,RR.24.01.2021.02,4,120,2,,15,1650,825,0
24,1,2021,RR,27.8,26,,,,,1.5,15,N,RR.24.01.2021.03,1,30,5,,15,1650,825,0
24,1,2021,RR,27.8,26,,,,,1.5,15,N,RR.24.01.2021.04,3,90,1,,15,1650,825,0
24,1,2021,RR,27.8,26,,,,,1.5,15,N,RR.24.01.2021.05,8,240,8,,15,1650,825,0
24,1,2021,RR,27.8,26,,,,,1.5,15,N,RR.24.01.2021.06,7,210,10,,15,1650,825,0
24,1,2021,RR,27.8,26,,,,,1.5,15,N,RR.24.01.2021.07,13,390,8,,15,1650,825,0
24,1,2021,RR,27.8,26,,,,,1.5,15,N,RR.24.01.2021.08,9,270,4,,15,1650,825,0
24,1,2021,RR,27.8,26,,,,,1.5,15,N,RR.24.01.2021.09,13,390,2,,15,1650,825,0
24,1,2021,RR,27.8,26,,,,,1.5,15,N,RR.24.01.2021.10,3,90,5,,15,1650,825,0
24,1,2021,RR,27.8,26,,,,,1.5,15,N,RR.24.01.2021.11,5,150,6,,15,1650,825,0
24,1,2021,RR,27.8,26,,,,,1.5,15,N,RR.24.01.2021.12,10,300,2,,15,1650,825,0
24,1,2021,RR,27.8,26,,,,,1.5,15,N,RR.24.01.2021.13,9,270,7,,15,1650,825,0
24,1,2021,RR,27.8,26,,,,,1.5,15,N,RR.24.01.2021.14,1,30,1,,15,1650,825,0
24,1,2021,RR,27.8,26,,,,,1.5,15,N,RR.24.01.2021.15,8,240,1,,15,1650,825,0
24,1,2021,RR,27.8,26,,,,,1.5,15,N,RR.24.01.2021.16,6,180,5,,15,1650,825,0
24,1,2021,RR,27.8,26,,,,,1.5,15,N,RR.24.01.2021.17,8,240,1,,15,1650,825,0
24,1,2021,RR,27.8,26,,,,,1.5,15,N,RR.24.01.2021.18,19,570,6,,15,1650,825,0
24,1,2021,RR,27.8,26,,,,,1.5,15,N,RR.24.01.2021.19,3,90,1,,15,1650,825,0
24,1,2021,RR,27.8,26,,,,,1.5,15,N,RR.24.01.2021.20,3,90,1,,15,1650,825,0
30,1,2021,RR,26.8,27.4,NE,SW,45,0.3,1.5,12,N,RR.30.01.2021.01,17,510,15,45,21,1027,513.5,0
30,1,2021,RR,26.8,27.4,NE,SW,45,0.3,1.5,12,N,RR.30.01.2021.02,14,420,21,45,21,1027,513.5,0
30,1,2021,RR,26.8,27.4,NE,SW,45,0.3,1.5,12,N,RR.30.01.2021.03,16,480,16,45,21,1027,513.5,0
30,1,2021,RR,26.8,27.4,NE,SW,45,0.3,1.5,12,N,RR.30.01.2021.04,5,150,6,45,21,1027,513.5,0
30,1,2021,RR,26.8,27.4,NE,SW,45,0.3,1.5,12,N,RR.30.01.2021.05,7,210,9,45,21,1027,513.5,0
30,1,2021,RR,26.8,27.4,NE,SW,45,0.3,1.5,12,N,RR.30.01.2021.06,6,180,9,45,21,1027,513.5,0
30,1,2021,RR,26.8,27.4,NE,SW,45,0.3,1.5,12,N,RR.30.01.2021.07,9,270,9,45,21,1027,513.5,0
30,1,2021,RR,26.8,27.4,NE,SW,45,0.3,1.5,12,N,RR.30.01.2021.08,6,180,12,45,21,1027,513.5,0
30,1,2021,RR,26.8,27.4,NE,SW,45,0.3,1.5,12,N,RR.30.01.2021.09,7,210,11,45,21,1027,513.5,0
30,1,2021,RR,26.8,27.4,NE,SW,45,0.3,1.5,12,N,RR.30.01.2021.10,14,420,12,45,21,1027,513.5,0
30,1,2021,RR,26.8,27.4,NE,SW,45,0.3,1.5,12,N,RR.30.01.2021.11,18,540,14,45,21,1027,513.5,0
30,1,2021,RR,26.8,27.4,NE,SW,45,0.3,1.5,12,N,RR.30.01.2021.12,13,390,17,45,21,1027,513.5,0
30,1,2021,RR,26.8,27.4,NE,SW,45,0.3,1.5,12,N,RR.30.01.2021.13,7,210,15,45,21,1027,513.5,0
30,1,2021,RR,26.8,27.4,NE,SW,45,0.3,1.5,12,N,RR.30.01.2021.14,23,690,12,45,21,1027,513.5,0
30,1,2021,RR,26.8,27.4,NE,SW,45,0.3,1.5,12,N,RR.30.01.2021.15,4,120,5,45,21,1027,513.5,0
30,1,2021,RR,26.8,27.4,NE,SW,45,0.3,1.5,12,N,RR.30.01.2021.16,2,60,12,45,21,1027,513.5,0
30,1,2021,RR,26.8,27.4,NE,SW,45,0.3,1.5,12,N,RR.30.01.2021.17,8,240,9,45,21,1027,513.5,0
30,1,2021,RR,26.8,27.4,NE,SW,45,0.3,1.5,12,N,RR.30.01.2021.18,16,480,19,45,21,1027,513.5,0
30,1,2021,RR,26.8,27.4,NE,SW,45,0.3,1.5,12,N,RR.30.01.2021.19,9,270,2,45,21,1027,513.5,0
30,1,2021,RR,26.8,27.4,NE,SW,45,0.3,1.5,12,N,RR.30.01.2021.20,12,360,19,45,21,1027,513.5,0
31,1,2021,RR,27.6,27,,,,,1.4,18,N,RR.31.01.2021.01,42,1260,3,,25,1670,835,0
31,1,2021,RR,27.6,27,,,,,1.4,18,N,RR.31.01.2021.02,9,270,4,,25,1670,835,0
31,1,2021,RR,27.6,27,,,,,1.4,18,N,RR.31.01.2021.03,9,270,11,,25,1670,835,0
31,1,2021,RR,27.6,27,,,,,1.4,18,N,RR.31.01.2021.04,15,450,15,,25,1670,835,0
31,1,2021,RR,27.6,27,,,,,1.4,18,N,RR.31.01.2021.05,15,450,6,,25,1670,835,0
31,1,2021,RR,27.6,27,,,,,1.4,18,N,RR.31.01.2021.06,4,120,12,,25,1670,835,0
31,1,2021,RR,27.6,27,,,,,1.4,18,N,RR.31.01.2021.07,16,480,6,,25,1670,835,0
31,1,2021,RR,27.6,27,,,,,1.4,18,N,RR.31.01.2021.08,12,360,11,,25,1670,835,0
31,1,2021,RR,27.6,27,,,,,1.4,18,N,RR.31.01.2021.09,7,210,12,,25,1670,835,0
31,1,2021,RR,27.6,27,,,,,1.4,18,N,RR.31.01.2021.10,19,570,12,,25,1670,835,0
31,1,2021,RR,27.6,27,,,,,1.4,18,N,RR.31.01.2021.11,52,1560,1,,25,1670,835,0
31,1,2021,RR,27.6,27,,,,,1.4,18,N,RR.31.01.2021.12,11,330,25,,25,1670,835,0
31,1,2021,RR,27.6,27,,,,,1.4,18,N,RR.31.01.2021.13,10,300,5,,25,1670,835,0
31,1,2021,RR,27.6,27,,,,,1.4,18,N,RR.31.01.2021.14,17,510,9,,25,1670,835,0
31,1,2021,RR,27.6,27,,,,,1.4,18,N,RR.31.01.2021.15,2,60,7,,25,1670,835,0
31,1,2021,RR,27.6,27,,,,,1.4,18,N,RR.31.01.2021.16,7,210,6,,25,1670,835,0
31,1,2021,RR,27.6,27,,,,,1.4,18,N,RR.31.01.2021.17,4,120,3,,25,1670,835,0
31,1,2021,RR,27.6,27,,,,,1.4,18,N,RR.31.01.2021.18,16,480,8,,25,1670,835,0
31,1,2021,RR,27.6,27,,,,,1.4,18,N,RR.31.01.2021.19,3,90,2,,25,1670,835,0
31,1,2021,RR,27.6,27,,,,,1.4,18,N,RR.31.01.2021.20,6,180,7,,25,1670,835,0
7,2,2021,RR,27.4,26.2,NW,SE,315,0.3,1.2,20,N,RR.07-02-2021-01,9,270,2,40,7,1049,524.5,0
7,2,2021,RR,27.4,26.2,NW,SE,315,0.3,1.2,20,N,RR.07-02-2021-02,6,180,4,40,7,1049,524.5,0
7,2,2021,RR,27.4,26.2,NW,SE,315,0.3,1.2,20,N,RR.07-02-2021-03,9,270,1,40,7,1049,524.5,0
7,2,2021,RR,27.4,26.2,NW,SE,315,0.3,1.2,20,N,RR.07-02-2021-04,2,60,3,40,7,1049,524.5,0
7,2,2021,RR,27.4,26.2,NW,SE,315,0.3,1.2,20,N,RR.07-02-2021-05,8,240,7,40,7,1049,524.5,0
7,2,2021,RR,27.4,26.2,NW,SE,315,0.3,1.2,20,N,RR.07-02-2021-06,11,330,4,40,7,1049,524.5,0
7,2,2021,RR,27.4,26.2,NW,SE,315,0.3,1.2,20,N,RR.07-02-2021-07,12,360,3,40,7,1049,524.5,0
7,2,2021,RR,27.4,26.2,NW,SE,315,0.3,1.2,20,N,RR.07-02-2021-08,4,120,3,40,7,1049,524.5,0
7,2,2021,RR,27.4,26.2,NW,SE,315,0.3,1.2,20,N,RR.07-02-2021-09,3,90,2,40,7,1049,524.5,0
7,2,2021,RR,27.4,26.2,NW,SE,315,0.3,1.2,20,N,RR.07-02-2021-10,10,300,7,40,7,1049,524.5,0
7,2,2021,RR,27.4,26.2,NW,SE,315,0.3,1.2,20,N,RR.07-02-2021-11,11,330,1,40,7,1049,524.5,0
7,2,2021,RR,27.4,26.2,NW,SE,315,0.3,1.2,20,N,RR.07-02-2021-12,23,690,2,40,7,1049,524.5,0
7,2,2021,RR,27.4,26.2,NW,SE,315,0.3,1.2,20,N,RR.07-02-2021-13,5,150,2,40,7,1049,524.5,0
7,2,2021,RR,27.4,26.2,NW,SE,315,0.3,1.2,20,N,RR.07-02-2021-14,4,120,3,40,7,1049,524.5,0
7,2,2021,RR,27.4,26.2,NW,SE,315,0.3,1.2,20,N,RR.07-02-2021-15,1,30,1,40,7,1049,524.5,0
7,2,2021,RR,27.4,26.2,NW,SE,315,0.3,1.2,20,N,RR.07-02-2021-16,6,180,3,40,7,1049,524.5,0
7,2,2021,RR,27.4,26.2,NW,SE,315,0.3,1.2,20,N,RR.07-02-2021-17,4,120,3,40,7,1049,524.5,0
7,2,2021,RR,27.4,26.2,NW,SE,315,0.3,1.2,20,N,RR.07-02-2021-18,3,90,3,40,7,1049,524.5,0
7,2,2021,RR,27.4,26.2,NW,SE,315,0.3,1.2,20,N,RR.07-02-2021-19,4,120,2,40,7,1049,524.5,0
7,2,2021,RR,27.4,26.2,NW,SE,315,0.3,1.2,20,N,RR.07-02-2021-20,7,210,3,40,7,1049,524.5,0
10,2,2021,RR,27.5,,,,,,1.5,15,N,RR.10.02.2021.01,11,330,9,,12,1644,822,0
10,2,2021,RR,27.5,,,,,,1.5,15,N,RR.10.02.2021.02,9,270,2,,12,1644,822,0
10,2,2021,RR,27.5,,,,,,1.5,15,N,RR.10.02.2021.03,8,240,9,,12,1644,822,0
10,2,2021,RR,27.5,,,,,,1.5,15,N,RR.10.02.2021.04,7,210,2,,12,1644,822,0
10,2,2021,RR,27.5,,,,,,1.5,15,N,RR.10.02.2021.05,1,30,1,,12,1644,822,0
10,2,2021,RR,27.5,,,,,,1.5,15,N,RR.10.02.2021.06,3,90,1,,12,1644,822,0
10,2,2021,RR,27.5,,,,,,1.5,15,N,RR.10.02.2021.07,14,420,8,,12,1644,822,0
10,2,2021,RR,27.5,,,,,,1.5,15,N,RR.10.02.2021.08,23,690,6,,12,1644,822,0
10,2,2021,RR,27.5,,,,,,1.5,15,N,RR.10.02.2021.09,5,150,2,,12,1644,822,0
10,2,2021,RR,27.5,,,,,,1.5,15,N,RR.10.02.2021.10,8,240,3,,12,1644,822,0
10,2,2021,RR,27.5,,,,,,1.5,15,N,RR.10.02.2021.11,6,180,1,,12,1644,822,0
10,2,2021,RR,27.5,,,,,,1.5,15,N,RR.10.02.2021.12,2,60,3,,12,1644,822,0
10,2,2021,RR,27.5,,,,,,1.5,15,N,RR.10.02.2021.13,2,60,1,,12,1644,822,0
10,2,2021,RR,27.5,,,,,,1.5,15,N,RR.10.02.2021.14,9,270,2,,12,1644,822,0
10,2,2021,RR,27.5,,,,,,1.5,15,N,RR.10.02.2021.15,1,30,2,,12,1644,822,0
10,2,2021,RR,27.5,,,,,,1.5,15,N,RR.10.02.2021.16,2,60,1,,12,1644,822,0
10,2,2021,RR,27.5,,,,,,1.5,15,N,RR.10.02.2021.17,4,120,3,,12,1644,822,0
10,2,2021,RR,27.5,,,,,,1.5,15,N,RR.10.02.2021.18,14,420,2,,12,1644,822,0
10,2,2021,RR,27.5,,,,,,1.5,15,N,RR.10.02.2021.19,8,240,4,,12,1644,822,0
10,2,2021,RR,27.5,,,,,,1.5,15,N,RR.10.02.2021.20,7,210,2,,12,1644,822,0